Company,Website,Emails,Phones,WhatsApp,Status
33 Top Software Development Companies in Dhaka · August 2025,https://www.f6s.com/companies/software-development/bangladesh/dhaka/co,support@f6s.com,,,
Top 20+ IT Companies in Dhaka (2025) - TechBehemoths,https://techbehemoths.com/companies/dhaka,,01841451241,,
Top 20 Software Companies in Bangladesh | 2026 Ranking - Bdtask,https://www.bdtask.com/blog/top-software-companies-in-bangladesh,"info@leads-bd.com, info@dream71.com, hello@wedevs.com, info@enosisbd.com, info@pridesys.com, info@southtechgroup.com, contact@vivasoftltd.com, info@therapbd.com, contact@riseuplabs.com, info@bdtask.com, business@bdtask.com, info@tigerit.com, info@kaz.com.bd, mail@cefalo.com, hello@ollyo.com","01817584639, 01904422133, 01759747387, 01830701422, 01765998801, 01715091734, 01857675727, 01329716158, 01742933775",,
Top Software Developers in Dhaka - Jan 2026 Rankings - Clutch,https://clutch.co/bd/developers/dhaka,,,,
Top 20+ Software Development Companies In Bangladesh,https://kolpolok.com/best-software-development-companies-bangladesh/,,,,Failed
The Best Software Developers Companies in Dhaka - Jan 2026 - The Manifest,https://themanifest.com/bd/software-development/companies/dhaka,,,,
Top 25 Best Software Companies in Bangladesh (2026),https://www.kaz.com.bd/blog/best-software-companies-in-bangladesh,"info@kaz.com.bd, info.ch@kaz.com.bd",01795339300,,
30 Best Software Development Companies in Bangladesh (2026) - PiHR,https://mypihr.com/software-companies-in-bangladesh/,"info@bjitgroup.com, info@ixorasolution.com, sales@pridesys.com, info@asthait.com, info@enosisbd.com, hello@ollyo.com, software@daffodil-bd.com, info@technext.it, info@flytesolutions.com, info@selisegroup.com, info@southtechgroup.com, mark@nascenia.com, support@optimizely.com, info@apsissolutions.com, info@ontiktechnology.com, info_ksl@konasl.com, sales@brainstation-23.com, shaikh.wahid@leads-bd.com, contact@riseuplabs.com, info@soft-bd.com, contact@welldev.io, business@bdtask.com, info@revesoft.com, contact@vivasoftltd.com, career@dream71.com, biz.dev@pihr.xyz, info@craftsmensoftware.com, info@tigerit.com, info@kaz.com.bd, mail@cefalo.com, information@therapservices.net",01713428432,,
List of top Dhaka Software Companies - Crunchbase Hub Profile,https://www.crunchbase.com/hub/dhaka-software-companies,,,,
Top 5 IT Companies in Dhaka - 2025 - softtl.com,https://www.softtl.com/blog/top-5-it-companies-in-dhaka-2025/,,,,Failed
Top 100 Software Companies in Bangladesh | Find Full Ranking.,https://prosoftwarecompany.com/top-100-software-companies-in-bangladesh/,,,,Failed
42 Top Software Companies in Dhaka · January 2026 | F6S,https://www.f6s.com/companies/software/bangladesh/dhaka/co,support@f6s.com,,,
Top 10+ Software Development Companies in Bangladesh 2026,https://www.goodfirms.co/directory/country/top-software-development-companies/bangladesh,,,,
Smart Software Ltd - Leading Software Development Company in Bangladesh ...,https://www.youtube.com/watch?v=84UykqceUro,,,,
Top 35 Software Companies in Bangladesh,https://techcloudltd.com/blog/top-software-companies-in-bangladesh/,,,,
Top 10 Best Software Companies in Bangladesh (2025),https://www.boostupads.com/top-software-companies-in-bangladesh/,,,,
Top 10 Best Software Companies in Bangladesh (2025),https://www.divineit.net/about/top-10-best-software-companies-bangladesh/,"contact@brainstation-23.com, info@dsi.com.bd, info@bjitgroup.com, info@enosissolutions.com, info@bracit.com, info@cefalo.com, sales@divineit.net, info@ollyo.com, info@welldev.io, info@divineit.net, info@tigerit.com.bd","01730071025, 01730071010, 01755661212, 01730071001",,
"Invento | Website Design, Digital Marketing & Software Development",https://invento.com.bd/,hello@invento.com.bd,"01682244434, 01704664784",,
Top Software Development Companies in Dhaka | Glassdoor,"https://www.glassdoor.com/Explore/top-software-development-companies-dhaka_II.4,24_IIND200155_IL.35,40_IM1237.htm",,,,
Top Software Development Companies in Dhaka | Glassdoor,"https://www.glassdoor.com/Explore/top-Software-Development-companies-Dhaka-Bangladesh_II.4,24_IIND200155_IL.35,51_IM1237.htm",,,,
Top Software Developers in Bangladesh - Jan 2026 Rankings | Clutch.co,https://clutch.co/bd/developers,,,,
"Top 10 Best Software Companies in Bangladesh, 2024.",https://www.nextzen.com.bd/blog/top-10-best-software-companies-in-bangladesh-2024,support@nextzen.net,01715933323,,
Dhakasoft is Software Company in Bangladesh,https://www.dhakasoft.com.bd/index.html,,,,
10 Best Software Company in Bangladesh,https://progressbangladesh.com/software-company-in-bangladesh/,,,,
Dream71,https://dream71.com/,info@dream71.com,"01715091734, 01782724420",,
Software Company in Dhaka | Web Development company in Bangladesh,https://www.codewareltd.com/,"mamun@codewareltd.com, hassan@codewareltd.com, begum@codewareltd.com, info@codewareltd.com","01672691228, 01614000401",,
Best Software Company in Dhaka - Top Firms & Rising Stars,https://onecodesoft.com/blogs/best-software-company-in-dhaka-top-firms-rising-stars,contact@onecodesoft.com,"01600052966, 01600052963",8801600052966,
20+ Best Software Companies in Bangladesh Right Now!,https://xpeedstudio.com/software-companies-in-bangladesh/,,,,
Top 15 Software Companies in Bangladesh (2026),https://technext.it/software-companies-in-bangladesh/,"info@kaz.com.bd, info@bjitgroup.com, contact@axilweb.com, info@southtechgroup.com, sales@brainstation-23.com, mark@nascenia.com, info@viserx.com, contact@riseuplabs.com, info@bdtask.com, hello@ofspace.co, info@enosisbd.com, mail@cefalo.com, reza@technext.it, info@leadsoft.com",01742933775,,
"Top Software Company in Bangladesh- Extreme Solutions| ERP, POS, CRM ...",https://extreme.com.bd/,info@extreme.com.bd,"01680794707, 01977251582",,
Best Software Development & Business Automation | Nextzen Limited,https://www.nextzen.com.bd/,,01715933323,,
Reddit,https://www.reddit.com/r/Dhaka/comments/1l18tce/best_software_company_to_work_at_in_dhaka/,,,,
Top 100 Software Development Companies in Bangladesh,https://themanifest.com/bd/software-development/companies,,,,
Top 20 Best Software Companies in Bangladesh 2026,https://betafore.com/best-software-companies-in-bangladesh/,,01321751171,,
Dhakasoft is Software Company in Bangladesh,http://dhakasoft.com.bd/index.html,,,,
LeadSoft Bangladesh Limited | In Touch With Tomorrow,https://leadsoft.com.bd/,,,,
Home - Advanced Software Development | The best software company in ...,https://asdbd.com/,,,,
Top IT Consultants in Dhaka - Jan 2026 Rankings | Clutch.co,https://clutch.co/bd/it-services/dhaka,,,,
Top Custom Software Development Companies in Bangladesh,https://www.designrush.com/agency/software-development/bd,"sergio@designrush.com, selina@designrush.com",,,
Software Company in Bangladesh - Southtech | Your Software Expert,https://www.southtechgroup.com/,info@southtechgroup.com,01904422133,,
Augment your software development team | DSi,https://www.dsinnovators.com/,info@dsinnovators.com,01730037400,,
Best 10 Top Software Companies in Bangladesh for 2024,https://invento.com.bd/top-software-companies-in-bangladesh/,"info@kaz.com.bd, info@bjitgroup.com, hello@invento.com.bd, info@datasoft-bd.com, sales@brainstation-23.com, contact@vivasoftltd.com, info@tigerit.com, info@enosisbd.com, mail@cefalo.com, hello@ollyo.com","01713178224, 01682244434, 01704664784",,
Best Software Development Company - Easital Technologies Ltd,https://www.easital.com/,"easital@gmail.com, admin@easital.com",01305080507,8801305080507,
Top 20 Software Companies in Bangladesh 2025: Leading IT Innovators,https://website.nanoit.biz/article-blog/top-20-software-companies-in-bangladesh-2025-leading-it-innovators,info@nanoit.biz,01841117001,,
Top Software Company in Bangladesh| IT WAY BD,https://itwaybd.com/,"accounts@itwaybd.com, info@itwaybd.com, sale@itwaybd.com, support@itwaybd.com","01844690700, 01854125454, 01958222208, 01810062100",,
Best Software Development Company in Bangladesh - Smart Software Ltd,https://www.smartsoftware.com.bd/,,,,
Top 10 Software Companies in Bangladesh in 2025 (Updated),https://dcastalia.com/blog/top-10-software-company-in-bangladesh/,info@dcastalia.com,01400999666,,
MBSTUPC/tech-companies-in-bangladesh,https://github.com/MBSTUPC/tech-companies-in-bangladesh,,01758561131,,
Top 10 Best Software Companies in Bangladesh (2025),https://blog.implevista.com/best-software-companies-in-bangladesh/,"info@bjitgroup.com, info@nascenia.com, info@southtechgroup.com, info@datasoft-bd.com, bd@implevista.com, info@brainstation-23.com, info@leadsoftbd.com, info@implevista.com, info@tigerit.com, info@kaz.com.bd, sales@implevista.com, sales@revesoft.com",01717760924,,
Software Development Company in Dhaka Bangladesh - NIBiz Soft,https://www.nibizsoft.com/,info@nibizsoft.com,01712643138,8801712643138,
Top Companies Hiring for Software Engineer Jobs in Dhaka | Glassdoor,"https://www.glassdoor.com/Explore/top-software-engineer-companies-dhaka_IO.4,21_IL.32,37_IM1237.htm",,,,
Top Software Company in Bangladesh - SoftBD Ltd,https://softbdltd.com/,"info@soft-bd.com, ib@softbdltd.com","01896047115, 01896002551, 01711236394",,
Top Web Development Companies in Bangladesh,https://www.designrush.com/agency/web-development-companies/bd,"robert@designrush.com, sergio@designrush.com",,,
Dhaka Softwares - Website Development Company in Dhaka - Innovate ...,https://dhakasoftwares.com/,,,,
Contact Us - Smart Software Limited | Best Software Development Company ...,https://www.smartsoftware.com.bd/contact-us,,,,
Therap (BD) Ltd. is a US based Software Company registered in ...,https://therapbd.com/,info@therapbd.com,01765998801,,
YouTube,https://www.youtube.com/watch?v=ex9Wl-XQJns,,,,
Top IT Services Companies in Bangladesh - 2026 Reviews | Goodfirms,https://www.goodfirms.co/it-services/bangladesh,,,,
Award-Winning Web Development Company in Bangladesh | Fara IT LTD,https://faraitltd.com/,info@faraitltd.com,01703235615,,
Top 25 Best Software Companies in Bangladesh In 2025,https://microdeft.com/best-software-companies-in-bangladesh/,"Info@Enosisbd.Com, Info@Therapbd.Com, Info@Kaz.Com.Bd, Sales@Brainstation-23.Com, Mail@Cefalo.Com, Info@Southtechgroup.Com, Info@Tigerit.Com, Info@Microdeft.Com, Info@Pridesys.Com, Info@Leadsoft.Com.Bd, Software@Daffodil-Bd.Com",,,
Contact | Vivasoft,https://vivasoftltd.com/contact/,contact@vivasoftltd.com,01329716158,,
DataSoft Next | Home,https://datasoft-bd.com/,,,,
YouTube,https://www.youtube.com/watch?v=S_tVmXJZ12w,,,,
Top 10 Best Software Companies in Bangladesh (2025),https://www.nobleedgetech.com/blog/top-10-best-software-companies-in-bangladesh-2025,stack@nobleedgetech.com,01733697834,,
Best Hospital Management Software Company in Dhaka Bangladesh | Sara ...,https://sarasoftware.com.bd/,,,,
"Top Software companies in Bangladesh - April, 2025",https://www.zoominfo.com/top-lists/top-software-companies-in-BD,,,,
Best Software Company in Dhaka 2025| Full Review,https://amarsolution.com/blogs/Software-Company-In-Dhaka,,,,
Orbit Informatics - Get together make it easier,https://www.orbitinformatics.com/,info@orbitinformatics.com,01972028888,,
Top 10 Software Development and IT Companies in Bangladesh,https://businessinspection.com.bd/software-development-and-it-companies-in-bd/,,,,
Syftet Ltd | Software Company in Bangladesh.,https://syftet.com/,,,8801908057617,
List of top Bangladesh Software Companies - Crunchbase Hub Profile,https://www.crunchbase.com/hub/bangladesh-software-companies,,,,
Datasource Software Ltd - Leading Software Company In Bangladesh ...,https://datasource.com.bd/,info@datasource.com.bd,01778988000,,
Home - iBOS,https://ibos.io/,,,,Failed
Cefalo | Experts in external software development teams,https://www.cefalo.com/en/,,,,Failed
Top ERP software development company in Bangladesh - Extreme Solutions,https://www.youtube.com/watch?v=YcivHoAtZmI,,,,
About Us - Dhaka Softwares - Website Development Company in Dhaka,https://dhakasoftwares.com/about-us/,,,,
Top Information Technology Companies in Dhaka | Glassdoor,"https://www.glassdoor.com/Explore/top-information-technology-companies-dhaka_IS.4,26_ISEC10013_IL.37,42_IM1237.htm",,,,
The Best IT Services Companies in Dhaka - Jan 2026 | The Manifest,https://themanifest.com/bd/it-services/companies/dhaka,,,,
Your Top Offshore Software Development Company | Solution,https://ixorasolution.com/,,,,
"Custom Software Development Company in Dhaka, Bangladesh | Dcastalia",https://dcastalia.com/custom-software-development,,,,
10 Best Software Companies in Bangladesh,https://www.craftsmensoftware.com/best-software-companies-in-bangladesh/,,,,
Best Software Company in Bangladesh | Nascenia,https://nascenia.com/,,,,
51 Top Software Companies in Bangladesh · January 2026 | F6S,https://www.f6s.com/companies/software/bangladesh/co,support@f6s.com,,,
Fusion Infotech Limited - Fusion Infotech is primarily a Software ...,https://www.fusioninfotechltd.com/,info@fusioninfotechltd.com,,,
Top 30 IT Services Companies in Bangladesh - Jan 2026 Rankings | DesignRush,https://www.designrush.com/agency/it-services/bd,"sergio@designrush.com, selina@designrush.com",,,
Top 25 Software Companies in Bangladesh (2026) - Ontik Technology,https://www.ontiktechnology.com/blog/top-software-companies-in-bangladesh,"iinfo@bondstein.com, info@ixorasolution.com, info@enosisbd.com, info@southtechgroup.com, mark@nascenia.com, info@workspaceit.com, hello@6sensehq.com, afiat.rahman@bjitgroup.com, info@ontiktechnology.com, info@dream71.com, sales@ontiktechnology.com, sales@brainstation-23.com, contact@riseuplabs.com, info@soft-bd.com, info@leadsoft.com.bd, business@bdtask.com, info@dsinnovators.com, info@revesoft.com, info@orangebd.net, contact@vivasoftltd.com, info@tigerit.com, sales@craftsmenltd.com, info@kaz.com.bd, mail@cefalo.com",,,
Top 10 Software Companies in Bangladesh (2025 Updated),https://gloriousit.com/top-10-software-companies-in-bangladesh/,"info.gloriousit@gmail.com, info@gloriousit.com","01724721000, 01768881955",,
Top 10 Best IT Startups in Bangladesh (2026) | Vivasoft Ltd.,https://vivasoftltd.com/best-it-startups-in-bangladesh/,"info@dream71.com, hello@inument.com, info@enosisbd.com, contact@axilweb.com, kaul.rakesh01@gmail.com, contact@vivasoftltd.com, career@ontiktechnology.com, business@zaagsys.com, hello@musemind.agency, careers@tigerit.com, contact@technextstudio.com",01329716158,,
Top 20+ Custom Software Development Companies in Dhaka (2026 ...,https://techbehemoths.com/companies/custom-software-development/dhaka,,01841451241,,
Top Software Developers for IT Services in Dhaka,https://clutch.co/bd/developers/information-technology-industry/dhaka,,,,
"System Integration, Cybersecurity & Cloud Services | eGeneration",https://egeneration.co/,info@egeneration.co,,,
Best Software Company in Bangladesh | BD Software | Arena Phone BD | Home,https://www.arena.com.bd/,,,,
SoftWorks | A software development company based in Dhaka,https://www.softworksbd.com/,,,,
Top 10 Leading Software Companies in Bangladesh,https://amarsolution.com/blogs/top-10-software-company-in-bangladesh,"info@akaarit.com, info@amarsolution.com","01744569317, 01760807974, 01744575319, 01728766480",,
100 Bangladeshi Software Companies and Their Profiles,https://devxhub.com/blog/100-bangladeshi-software-companies-and-their-profi,info@devxhub.com,01326506464,,
software Jobs in Dhaka | Careerjet,https://www.careerjet.com.bd/software-jobs/Dhaka,,,,
Top 10 Software Companies in Bangladesh 2025 | Rokomari IT Ltd,https://rokomariit.com/pages/top-10-software-companies-in-bangladesh-2025,,,,
TechnoVista Limited • A Mohammadi Group Company,https://technovista.com.bd/,,,,
Top Web Development Companies in Dhaka - Jan 2026 Rankings | Clutch.co,https://clutch.co/bd/web-developers/dhaka,,,,
Top 20+ IT Companies in Bangladesh (2026) - TechBehemoths,https://techbehemoths.com/companies/bangladesh,,01841451241,,
List of top City of Dhaka Software Companies - Crunchbase Hub Profile,https://www.crunchbase.com/hub/city-of-dhaka-software-companies,,,,
Top 10 software Company in Bangladesh,https://www.banglapuzzle.com/top-10-software-company-in-bangladesh,,01880811048,8801880811048,
Brain Station 23 : Software Development Company in Bangladesh | Best ...,https://brainstation-23.com/,,,,
Best Web Design and Development Company in Bangladesh,https://esoft.com.bd/,info@esoft.com.bd,"01779666644, 01779666622, 01779666611, 01779666633",8801779666611,
Top Artificial Intelligence Companies in Dhaka,https://clutch.co/bd/developers/artificial-intelligence/dhaka,,,,
BASE IT | Best web design and development company in Bangladesh ...,https://www.baseit.com.bd/,,,,
Software Firm in Dhaka,https://creativetechpark.com/software-firm-in-dhaka/,"support@creativetechpark.com, info@creativetechpark.com","01888001212, 01639200002",8801639200002,
"Strawberry Dhaka Tech Ltd - IT, Software & Digital Services",https://sdt.com.bd/,,,,Failed
Top 10 Software Companies in Bangladesh 2025,https://www.skytechbpo.com/top-software-companies-in-bd/,,,,
Kaz Software,https://www.linkedin.com/company/kaz-software-limited,,,,
"Top 15 Web Development Companies in Dhaka, Bangladesh for the Year 2024",https://faraitltd.com/top-15-web-development-companies-in-dhaka-bangladesh-for-the-year-2024/,info@faraitltd.com,01703235615,,
Sheba Technologies | Leading Software Company In Bangladesh,https://shebatech.com.bd/,info@shebatech.com.bd,01958688233,,
Top Companies Hiring for Software Jobs in Dhaka | Glassdoor,"https://www.glassdoor.com/Explore/top-software-companies-dhaka_IO.4,12_IL.23,28_IM1237.htm",,,,
Top 16 IT Companies in Dhaka -360DigiTMG,https://360digitmg.com/blog/what-are-the-best-it-companies-in-dhaka,info@360digitmg.com,,60193831378,
Top Companies Hiring for Software Developer Jobs in Dhaka | Glassdoor,"https://www.glassdoor.com/Explore/top-software-developer-companies-dhaka_IO.4,22_IL.33,38_IM1237.htm",,,,
"best software company in Uttara, Dhaka, Bangladesh",https://my-softit.com/our-software/,,,8801941698614,
"360° Digital Marketing Agency in Dhaka, Bangladesh | American Best IT Ltd.",https://www.americanbestit.com/,,01844060101,,
TOP 10 IT Company in Bangladesh,https://www.banglapuzzle.com/top-10-it-company-in-bangladesh,,01880811048,8801880811048,
Best Web Design Company in Bangladesh Located in Dhaka BD,https://creativetechpark.com/,"support@creativetechpark.com, info@creativetechpark.com","01888001212, 01639200002",8801639200002,
Top ASP.NET Developers in Dhaka - 2025 Reviews | GoodFirms,https://www.goodfirms.co/companies/web-development-agency/asp-net/dhaka,,,,
Top 10 software development companies of Bangladesh in 2022.,https://ait.inc/insights/top-10-software-development-companies-of-bangladesh-in-2022/,,,,
Top Software Company In Uttara - Software Company In Dhaka - BCMGBD,https://bcmgbd.com/top-software-company-in-uttara/,,,,
Custom software development & web design company since 2009 in Bangladesh.,https://www.roopokar.com/,sales@roopokar.com,"01715374237, 01711659597",,
Top 20 Best Software Companies in Bangladesh (2025),https://www.nextzen.com.bd/blog/top-20-best-software-companies-in-bangladesh-2025,support@nextzen.net,01715933323,,
DataSoft Next | Home,http://datasoft-bd.com/,,,,
Top App Development Companies in Bangladesh - 2026 Reviews | Goodfirms,https://www.goodfirms.co/directory/country/app-development/bangladesh,,,,
software company in Bangladesh - YouTube,https://www.youtube.com/watch?v=k0x_ioawtO0,,,,
10 Best HR & Payroll Software in Dhaka - iBOS,https://ibos.io/10-best-hr-payroll-software-in-dhaka/,,,,Failed
Nobo IT 880-1714-591565 Software Company in Bangladesh,https://noboit.com/,info@noboit.com,"01614591565, 01714591565",,
"Top Software Development Companies in Dhaka, Bangladesh | Glassdoor","https://www.glassdoor.co.in/Explore/top-software-development-companies-dhaka_II.4,24_IIND200155_IL.35,40_IM1237.htm",,,,
Top Software Company in Bangladesh | Gpit,https://www.gpit.com.bd/,,01611536464,,
Best Software Companies in Bangladesh (List of Top 50),https://truesuggest.com/blog/best-software-companies-in-bangladesh,"info@w3engineers.com, info@bjitgroup.com, contact@retinasoft.com.bd, info@pridesys.com, contact@axilweb.com, info@asthait.com, info@enosisbd.com, hello@ollyo.com, software@daffodil-bd.com, contact@streamstech.com, itlslhelpdesk@gmail.com, sales@cloud-coder.com, info@wpdeveloper.net, hello@wedevs.com, info@infinitytechltd.com, enquiry@mediasoftbd.com, support@radiustheme.com, Info@selisegroup.com, info@southtechgroup.com, mark@nascenia.com, info@microdeft.com, info@workspaceit.com, info@viserx.com, hello@wearenext.io, info@bdtask.com, info@relisource.com, info@apsissolutions.com, info@dcastalia.com, reza@technext.it, info@ibcs-primax.com, info@dream71.com, sales@techcloudltd.com, info_ksl@konasl.com, sales@brainstation-23.com, info@datasoft-bd.com, info@nanoit.biz, contact@riseuplabs.com, info@websourcebd.com, contact@welldev.io, business@bdtask.com, info@leadsoft.com.bd, info.truesuggest@gmail.com, contact@datazoinfotech.com.bd, info@xpertsolvers.com, info@revesoft.com, info@skylarksoft.com, contact@vivasoftltd.com, info@therapbd.com, info@xpeedstudio.com, info@tigerit.com, info@kaz.com.bd, mail@cefalo.com",,,
Top IT Managed Service Providers in Dhaka,https://clutch.co/bd/it-services/msp/dhaka,,,,
