Company,Website,Source,Emails,Phones,WhatsApp
Checking your browser,https://www.f6s.com/companies/software/bangladesh/dhaka/co,Software Companies in Dhaka at DuckDuckGo,support@f6s.com,,
Checking your browser,https://www.f6s.com/companies/software-development/bangladesh/dhaka/co,Software Companies in Dhaka at DuckDuckGo,support@f6s.com,,
,https://www.firebeetechnoservices.com/blockchain-development?utm_source=Tech-Behemoths&utm_medium=Profile&utm_campaign=viewprofile&utm_content=/companies/dhaka,Top 20+ IT Companies in Dhaka (2026) - TechBehemoths,,,7397571188
BASIS,https://basis.org.bd/,Top 20 Software Companies in Bangladesh | 2026 Ranking,info@basis.org.bd,,
BASIS,https://basis.org.bd/company-profile/17-04-882,Top 20 Software Companies in Bangladesh | 2026 Ranking,business@bdtask.com,01817584639,
"REVE Systems | SMS Platform, Mobile OTT, SBC and Cloud PBX Solution",https://www.revesoft.com/,Top 20 Best Software Companies in Bangladesh (2026) | Vivasoft Ltd.,marketing@revesoft.com,,
Kaz Software | Trusted Software Development Partner,https://kaz.com.bd/,Top 20 Best Software Companies in Bangladesh (2026) | Vivasoft Ltd.,"info@kaz.com.bd, info.ch@kaz.com.bd",01795339300,
"IT Services, Technology Solutions & Digital Transformation - Riseup Labs",https://riseuplabs.com/,Top 20 Best Software Companies in Bangladesh (2026) | Vivasoft Ltd.,"pr@riseuplabs.com, partnership@riseuplabs.com, contact@riseuplabs.com",01759747387,
Dream71,https://dream71.com/,Top 20 Best Software Companies in Bangladesh (2026) | Vivasoft Ltd.,info@dream71.com,"01715091734, 01782724420",
Vivasoft Limited - Google Maps,https://maps.app.goo.gl/HCH5nWNMxa986ZyR6,Top 20 Best Software Companies in Bangladesh (2026) | Vivasoft Ltd.,,01329716158,
Software Company in Bangladesh - Southtech | Your Software Expert,https://www.southtechgroup.com/,Top 20 Best Software Companies in Bangladesh (2026) | Vivasoft Ltd.,info@southtechgroup.com,01904422133,
Therap (BD) Ltd. is a US based Software Company registered in Bangladesh - Therap BD Career,https://therapbd.com/,Top 20 Best Software Companies in Bangladesh (2026) | Vivasoft Ltd.,info@therapbd.com,01765998801,
Technext | Trusted Development Partner for SMBs & Startups,https://technext.it/,Top 20 Best Software Companies in Bangladesh (2026) | Vivasoft Ltd.,reza@technext.it,,
Cefalo | Eksperter på eksterne utviklingsteam,https://www.cefalo.com/,Top 20 Best Software Companies in Bangladesh (2026) | Vivasoft Ltd.,"jens@cefalo.com, mail@cefalo.com",,
Flyte Solutions | Hire Remote Software Development Team.,http://flytesolutions.com/,Top Software Development Companies in Bangladesh - 2026 Reviews | Goodfirms,"sales@flytesolutions.com, info@flytesolutions.com","01793532035, 01713203656",
Solutions Through Software - Impala Intech,https://impalaintech.com/,Top Software Development Companies in Bangladesh - 2026 Reviews | Goodfirms,,01717007337,
Home - LEOTECH,https://www.leotechbd.com/,Top Software Development Companies in Bangladesh - 2026 Reviews | Goodfirms,info@leotechbd.com,"01730594393, 01834455611, 01730594391",
Web and mobile application design & development company in Bangladesh,https://peoplentech.net/,Top Software Development Companies in Bangladesh - 2026 Reviews | Goodfirms,"Software@peoplentech.net, info@peoplentech.com",,
Elegance IT Solution,https://eleganceit.co/,Top Software Development Companies in Bangladesh - 2026 Reviews | Goodfirms,info@eleganceit.co,01781885191,
"Custom Software, Mobile App, Web design & development company - WSITAUS",http://www.workspaceit.com.au/,Top Software Development Companies in Bangladesh - 2026 Reviews | Goodfirms,"hr@workspaceit.com.au, info@workspaceit.com.au",,
Ascii System - Full Stack IT Consultancy and Solutions,http://www.asciisys.com/,Top Software Development Companies in Bangladesh - 2026 Reviews | Goodfirms,INFO@ASCIISYS.COM,01886550643,
Sylnovia | Empowering Businesses with Cutting-Edge Software solutions,https://www.sylnovia.com/,Top Software Development Companies in Bangladesh - 2026 Reviews | Goodfirms,,,8801781875888
Axilweb – Brewing Tech Products,https://axilweb.com/,Top Software Development Companies in Bangladesh - 2026 Reviews | Goodfirms,contact@axilweb.com,01730577220,
Implevista,https://implevista.com/,Top Software Development Companies in Bangladesh - 2026 Reviews | Goodfirms,"au@implevista.com, uk@implevista.com, bd@implevista.com, sales@implevista.com, info@implevista.com, my@implevista.com, fi@implevista.com",01717760924,
LS COMMUNICATIONS | Incessantly Think Different,http://lscominc.com/,Top Software Development Companies in Bangladesh - 2026 Reviews | Goodfirms,info@lscominc.com,01841412728,
IT service BD – Complete IT Solutions | Website & Software Development,https://itservice.com.bd/,Top Software Development Companies in Bangladesh - 2026 Reviews | Goodfirms,info@itservicebd.com,01924282384,
Expert in Staff Augmentation and Custom Software Development Service | Devxhub,https://devxhub.com/,Top Software Development Companies in Bangladesh - 2026 Reviews | Goodfirms,info@devxhub.com,01326506464,
Leading IT & Software Company in Bangladesh | Codes Break,https://codesbreak.com/,Top Software Development Companies in Bangladesh - 2026 Reviews | Goodfirms,"info@codesbreak.com, Info@codesbreak.com",01896037190,8801896037190
"IT Services, Technology Solutions & Digital Transformation - Riseup Labs",http://www.riseuplabs.com/,Top Software Development Companies in Bangladesh - 2026 Reviews | Goodfirms,"pr@riseuplabs.com, partnership@riseuplabs.com, contact@riseuplabs.com",01759747387,
"Bdcalling | ERP, AI, Cloud & Digital Solutions from Bangladesh",https://bdcalling.com/,Top Software Development Companies in Bangladesh - 2026 Reviews | Goodfirms,info@bdcalling.com,01716566979,
VISER X - Empowering Digital Presence,https://viserx.com/,Top Software Development Companies in Bangladesh - 2026 Reviews | Goodfirms,hello@viserx.com,01842088100,
"Intelligent Systems and Solutions Ltd | Enterprise Software, ERP & Digital Transformation Experts",https://intelligentsystemsltd.com/,Top Software Development Companies in Bangladesh - 2026 Reviews | Goodfirms,,01911520552,
AI-Powered Software Solutions For Startups & Enterprises | Polygon Technology,https://polygontech.xyz/,Top Software Development Companies in Bangladesh - 2026 Reviews | Goodfirms,info@polygontech.xyz,01711727096,
IOTA IT | Get Your Next Software Developed Without Any Hiccups!,https://iotait.tech/,Top Software Development Companies in Bangladesh - 2026 Reviews | Goodfirms,hello@iotait.tech,01958651493,
Web Xpress - Your Trusted Web Partner - Web Xpress,https://webxpress.com.bd/,Top Software Development Companies in Bangladesh - 2026 Reviews | Goodfirms,info@webxpress.com.bd,"01713631156, 01711871722",
"Ontik Technology - Global Software Consulting, Development and Outsourcing Company",https://www.ontiktechnology.com/,Top Software Development Companies in Bangladesh - 2026 Reviews | Goodfirms,"sales@ontiktechnology.com, info@ontiktechnology.com",,
Door Soft | Software Development Company in Bangladesh,https://doorsoft.co/,Top Software Development Companies in Bangladesh - 2026 Reviews | Goodfirms,info@doorsoft.co,"01894449090, 01812391633",
Custom Software Development Company | Vivasoft,https://www.vivasoftltd.com/,Top Software Development Companies in Bangladesh - 2026 Reviews | Goodfirms,contact@vivasoftltd.com,01329716158,
Software company in Bangladesh | Update Tech Ltd,https://updatetechltd.com/,Top Software Development Companies in Bangladesh - 2026 Reviews | Goodfirms,contact@updatetechltd.com,,
Kaz Software | Trusted Software Development Partner,http://kaz.com.bd/,Top Software Development Companies in Bangladesh - 2026 Reviews | Goodfirms,"info@kaz.com.bd, info.ch@kaz.com.bd",01795339300,
NBR Approved VAT Management Software in Bangladesh | PrismVAT,https://www.prismvat.net/,Top 10 Best Software Companies in Bangladesh - Divine IT Limited,sales@divineit.net,"01730071010, 01730071001",8801730071001
Divine IT Products - Divine IT Limited,https://divineit.net/products/,Top 10 Best Software Companies in Bangladesh - Divine IT Limited,sales@divineit.net,"01755661212, 01730071010, 01730071025, 01730071001",
OneBook | Home,https://bd.onebookcloud.com/,Top 10 Best Software Companies in Bangladesh - Divine IT Limited,sales@onebookcloud.com,01730071001,8801730071001
"Divine IT Limited Software Pricing: PrismERP, LinesPay, PrismVAT",https://store.divineit.net/accounts/login/,Top 10 Best Software Companies in Bangladesh - Divine IT Limited,sales@prismerp.net,01730071001,
"Divine IT Limited Software Pricing: PrismERP, LinesPay, PrismVAT",https://store.divineit.net/,Top 10 Best Software Companies in Bangladesh - Divine IT Limited,sales@prismerp.net,01730071001,
Cefalo | Eksperter på eksterne utviklingsteam,http://www.cefalo.com/,Top 10 Best Software Companies in Bangladesh - Divine IT Limited,"jens@cefalo.com, mail@cefalo.com",,
PrismERP | Leading Platform Independent Cloud Based ERP in Bangladesh - PrismERP,https://www.prismerp.net/,Top 10 Best Software Companies in Bangladesh - Divine IT Limited,sales@divineit.net,"01755661212, 01730071010, 01730071001",
Ollyo,http://www.ollyo.com/,Top 10 Best Software Companies in Bangladesh - Divine IT Limited,hello@ollyo.com,01742933775,
WellDev | Custom Software & App Development Service,http://www.welldev.io/,Top 10 Best Software Companies in Bangladesh - Divine IT Limited,contact@welldev.io,,
